﻿{
  "ConsulOptions": {
    "IsRegisterSelf": true, //是否在Consul上注册自己
    "ServiceAddress": "127.0.0.1", //应用服务ip，不设置则默认系统自动获取应用所在机器地址
    "ServicePort": 5005, //应用服务端口
    "ServiceName": "netcore-consul", //应用服务名称
    "ConsulIP": "127.0.0.1", //consul注册中心ip
    "ConsulPort": 8500, //consul注册中心ip
    "HealthCheckApi": "api/Health", //健康检查接口
    "HealthCheckInterval": 10, //健康检查间隔时间(秒)
    "SyncServiceNames": [ "netcore-consul" ], //同步的服务信息的名称集合,如果不设置，则不会同步
    "SyncServiceInterval": 30 //同步服务间隔时间(秒)
  }
}
